###LICENSE: "Creative Commons Attribution-NonCommercial-ShareAlike 4.0 International Public License"
babelnet_mapping	WIKIDATA:EN:KZ	KZ	WIKIDATA
babelnet_mapping	WIKIDATA:EN:InterRegional	IR	WIKIDATA
babelnet_mapping	WIKIDATA:EN:Amazonas-1	Amazonas	WIKIDATA
babelnet_mapping	WIKIDATA:EN:Cas	Cas	WIKIDATA
babelnet_mapping	WIKI:EN:Pirates_(1986_film)	Piraten	WIKI
babelnet_mapping	WIKIDATA:EN:BR	BR	WIKIDATA
babelnet_mapping	WIKIDATA:EN:Dieter_Stolte	Dieter_Stolte	WIKI
babelnet_mapping	WIKI:EN:People's_Republic	Volksrepublik	WIKIDATA
babelnet_mapping	WIKI:EN:Askar_Akayev	Akajew	WIKIDATA
babelnet_mapping	GEONM:EN:Fitzpatrick,_Alabama	Fitzpatrick	WIKIDATA
babelnet_mapping	WIKI:EN:Al_(given_name)	Al	WIKIDATA
babelnet_mapping	WIKI:EN:Ke_(surname)	Ke	WIKIDATA
babelnet_mapping	Internationale#n#1	Die_Internationale	WIKI
babelnet_mapping	WIKIDATA:EN:Across_Siberia	In_Sibirien	WIKIDATA
babelnet_mapping	WIKI:EN:Nanking_Massacre	Massaker_von_Nanjing	WIKIDATA
babelnet_mapping	Gabon#n#1	Gabun	OMWIKI
babelnet_mapping	WIKI:EN:Hong_Kong_Polytechnic_University	Polytechnische_Universität_Hongkong	WIKI
babelnet_mapping	WIKI:EN:Tskhinvali	Zchinwali	WIKIDATA
babelnet_mapping	WIKI:EN:Enlargement_of_the_European_Union	Erweiterung_der_Europäischen_Union	WIKIDATA
babelnet_mapping	WIKIDATA:EN:City_2	City_2	WIKIDATA
babelnet_mapping	WIKI:EN:South_Sudan	Südsudan	WIKI
babelnet_mapping	WIKI:EN:In_Japan_(Mr._Big_album)	In_Japan	WIKIDATA
babelnet_mapping	GEONM:EN:Uz,_Hautes-Pyrénées	Uz	WIKI
babelnet_mapping	GEONM:EN:Goochland,_Virginia	Goochland	WIKIDATA
babelnet_mapping	WIKI:EN:Augustin_Pyramus_de_Candolle	DC.	WIKIDATA
babelnet_mapping	Bishkek#n#1	Bischkek	OMWIKI
babelnet_mapping	WIKI:EN:Vladimir_Popovkin	Wladimir_Popowkin	WIKIDATA
babelnet_mapping	Bolivia#n#1	Bolivien	WIKIDATA
babelnet_mapping	WIKI:EN:Shanghai_Cooperation_Organisation	Shanghaier_Organisation_für_Zusammenarbeit	WIKIDATA
babelnet_mapping	WIKI:EN:In_London_(Ravi_Shankar_album)	In_London	WIKIDATA
babelnet_mapping	WIKI:EN:Think_Tank_(Blur_album)	Think_Tank	WIKIDATA
babelnet_mapping	WIKI:EN:Xinhua_News_Agency	Xinhua-Nachrichtenagentur	WIKIDATA
babelnet_mapping	WIKI:EN:Mosenergo	Mosenergo	WIKIDATA
babelnet_mapping	WIKI:EN:NP_(complexity)	NP	WIKI
babelnet_mapping	WIKI:EN:IT_(XM)	IT	WIKIDATA
babelnet_mapping	WIKI:EN:History_of_the_Soviet_Union	Zusammenbruch_der_Sowjetunion	WIKIDATA
