###LICENSE: "Creative Commons Attribution-NonCommercial-ShareAlike 4.0 International Public License"
babelnet_mapping	WIKI:EN:Amazonia_(film)	Amazzonia	WIKI
babelnet_mapping	WIKI:EN:Callao_(Madrid_Metro)	Callao	WIKI
babelnet_mapping	WIKI:EN:Jeffrey_(1995_film)	Jeffrey	WIKI
babelnet_mapping	WIKI:EN:Citizen_(band)	Citizen	WIKI
babelnet_mapping	WIKI:EN:Fan,_Mirditë	Fan	WIKI
babelnet_mapping	WIKI:EN:Il_Cile	Il_Cile	WIKI
babelnet_mapping	WIKI:EN:Confucius_(2010_film)	Confucio	WIKI
babelnet_mapping	WIKI:EN:Lewis_(TV_series)	Lewis	WIKI
babelnet_mapping	Movimiento_Revolucionario_Tupac_Anaru#n#1	Movimento_Rivoluzionario_Tupac_Amaru	WIKI
babelnet_mapping	WIKI:EN:Cardinal_Secretary_of_State	Segretario_di_Stato	WIKI
babelnet_mapping	WIKI:EN:Long_March	Lunga_Marcia	WIKI
babelnet_mapping	Frankfurt#n#1	Francoforte	OMWN_IT
babelnet_mapping	WIKIDATA:EN:City_University_London	City_University	WIKI
babelnet_mapping	Greenwich#n#1	Greenwich	WIKI
babelnet_mapping	WIKI:EN:Pearl_River_Delta	Delta_del_Fiume_delle_Perle	WIKI
babelnet_mapping	WIKI:EN:Foundation_(Asimov_novel)	Fondazione	WIKI
babelnet_mapping	GEONM:EN:Uz,_Hautes-Pyrénées	Uz	WIKI
babelnet_mapping	Persian_Gulf#n#1	Golfo_Persico	IWN
babelnet_mapping	Black_Sea#n#1	Mar_Nero	WIKI
babelnet_mapping	WIKI:EN:Shanghai_Cooperation_Organisation	Organizzazione_per_la_Cooperazione_di_Shanghai	WIKI
babelnet_mapping	GEONM:EN:Monterey,_California	Monterey	WIKI
babelnet_mapping	WIKI:EN:IQ_(band)	IQ	WIKI
babelnet_mapping	WIKI:EN:NP_(complexity)	NP	WIKI
babelnet_mapping	WIKI:EN:Au,_St._Gallen	Au	WIKI
babelnet_mapping	GEONM:EN:Aiea,_Hawaii	Aiea	WIKI
babelnet_mapping	WIKI:EN:Psi_(instant_messaging_client)	Psi	WIKI
babelnet_mapping	WIKI:EN:Southern_Region,_Malawi	Regione_Meridionale	WIKI
babelnet_mapping	WIKI:EN:So_(album)	So	WIKI
babelnet_mapping	WIKI:EN:First_Evil	Il_Primo	WIKI
