###LICENSE: "Creative Commons Attribution-NonCommercial-ShareAlike 4.0 International Public License"
babelnet_mapping	WIKI:EN:Callao_(Line_B_Buenos_Aires_Underground)	Callao	WIKI
babelnet_mapping	WIKIDATA:EN:Fernando_Ochoa_Antich	Fernando_Ochoa_Antich	WIKI
babelnet_mapping	WIKIDATA:EN:Initiative	La_Iniciativa	WIKI
babelnet_mapping	WIKI:EN:Latina_(album)	Latina	WIKI
babelnet_mapping	WIKI:EN:New_Alliance_Party_(Mexico)	Nueva_Alianza	WIKI
babelnet_mapping	WIKI:EN:Virginia_Department_of_Transportation	Departamento_de_Transporte_de_Virginia	WIKI
babelnet_mapping	WIKIDATA:EN:Force	La_Fuerza	WIKI
babelnet_mapping	WIKI:EN:El_Consejo	El_Consejo	WIKI
babelnet_mapping	WIKI:EN:Amazonas_(Brazilian_state)	Amazonas	WIKI
babelnet_mapping	WIKI:EN:The_State_(book)	El_Estado	WIKI
babelnet_mapping	WIKIDATA:EN:Ir	Ir	WIKI
babelnet_mapping	WIKIDATA:EN:Fernandinho_Beira-Mar	Fernandinho_Beira-Mar	WIKI
babelnet_mapping	WIKI:EN:So_(Static-X_song)	So	WIKI
babelnet_mapping	WIKI:EN:In_America_(novel)	En_América	WIKI
babelnet_mapping	GEONM:EN:Fitzpatrick,_Alabama	Fitzpatrick	WIKI
babelnet_mapping	WIKI:EN:Monument_to_the_People's_Heroes	Monumento_a_los_Héroes_del_Pueblo	WIKI
babelnet_mapping	Johannesburg#n#1	Johannesburgo	OMWIKI
babelnet_mapping	Greenwich#n#1	Greenwich	WIKI
babelnet_mapping	WIKI:EN:South_Sudan	Sudán_del_Sur	WIKI
babelnet_mapping	WIKIDATA:EN:Marie	Marie	WIKI
babelnet_mapping	WIKI:EN:Foundation_(Asimov_novel)	Fundación	WIKI
babelnet_mapping	Kathmandu#n#1	Katmandú	OMWIKI
babelnet_mapping	WIKI:EN:TNT_(band)	TNT	WIKI
babelnet_mapping	WIKI:EN:Au_(mobile_phone_company)	Au	WIKI
babelnet_mapping	GEONM:EN:Uz,_Hautes-Pyrénées	Uz	WIKI
babelnet_mapping	WIKI:EN:College_(The_Sopranos)	Universidad	WIKI
babelnet_mapping	GEONM:EN:Goochland,_Virginia	Goochland	WIKI
babelnet_mapping	Black_Sea#n#1	Mar_Negro	WIKI
babelnet_mapping	WIKI:EN:Anzoátegui	Anzoátegui	WIKI
babelnet_mapping	WIKI:EN:IQ_(band)	IQ	WIKI
babelnet_mapping	WIKI:EN:Federal_Reserve_Bank_of_New_York	Banco_de_la_Reserva_Federal_de_Nueva_York	WIKI
babelnet_mapping	WIKI:EN:Mosenergo	Mosenergo	WIKI
babelnet_mapping	WIKI:EN:NP_(complexity)	NP	WIKI
babelnet_mapping	WIKI:EN:El_Centro,_California	El_Centro	WIKI
babelnet_mapping	WIKI:EN:Del_Norte,_Colorado	Del_Norte	WIKI
babelnet_mapping	WIKI:EN:Free_University_of_Colombia	Universidad_Libre	WIKI
babelnet_mapping	WIKI:EN:P_(complexity)	P	WIKI
babelnet_mapping	WIKI:EN:PH_(complexity)	PH	WIKI
babelnet_mapping	WIKI:EN:Amazonia,_Missouri	Amazonia	WIKI
