###LICENSE: "Creative Commons Attribution-NonCommercial-ShareAlike 4.0 International Public License"
babelnet_mapping	WIKI:EN:Grimm_(TV_series)	格林	WIKI
babelnet_mapping	WIKI:EN:Podemos_(Spanish_political_party)	我们能	WIKI
babelnet_mapping	GEONM:EN:Homer,_New_York	荷马	WIKI
babelnet_mapping	WIKI:EN:Energies_(journal)	能源	WIKI
babelnet_mapping	WIKI:EN:Prime_Minister_of_Russia	俄罗斯总理	WIKI
babelnet_mapping	WIKI:EN:22_(Taylor_Swift_song)	22	WIKI
babelnet_mapping	WIKI:EN:Chichester	奇切斯特	WIKI
babelnet_mapping	WIKI:EN:Gandra_(Paredes)	甘德拉	WIKI
babelnet_mapping	WIKIDATA:EN:50	50年	WIKI
babelnet_mapping	WIKIDATA:EN:6	6年	WIKI
babelnet_mapping	WIKIDATA:EN:3	3年	WIKI
babelnet_mapping	WIKI:EN:2001	2001年	WIKI
babelnet_mapping	WIKI:EN:1999	1999年	WIKI
babelnet_mapping	WIKI:EN:1998	1998年	WIKI
babelnet_mapping	WIKI:EN:1992	1992年	WIKI
babelnet_mapping	WIKI:EN:1988	1988年	WIKI
babelnet_mapping	WIKI:EN:1957	1957年	WIKI
babelnet_mapping	WIKI:EN:1990	1990年	WIKI
babelnet_mapping	WIKI:EN:1996	1996年	WIKI
babelnet_mapping	WIKI:EN:1995	1995年	WIKI
babelnet_mapping	WIKIDATA:EN:15	15	WIKI
babelnet_mapping	WIKI:EN:Xiao_Riben	小日本	WIKI
babelnet_mapping	WIKI:EN:First_Time_(2012_film)	第一次	WIKI
babelnet_mapping	WIKI:EN:AD_9	9年	WIKI
babelnet_mapping	WIKIDATA:EN:25	25年	WIKI
babelnet_mapping	WIKI:EN:60s	60年代	WIKI
babelnet_mapping	WIKI:EN:70s	70年代	WIKI
babelnet_mapping	WIKI:EN:80s	80年代	WIKI
babelnet_mapping	WIKI:EN:90s	90年代	WIKI
babelnet_mapping	WIKI:EN:1979	1979年	WIKI
babelnet_mapping	WIKI:EN:Shěn_(state)	沈国	WIKI
babelnet_mapping	WIKIDATA:EN:HERO	英雄	WIKI
babelnet_mapping	GEONM:EN:Bolivar,_New_York	玻利瓦尔	WIKI
babelnet_mapping	WIKI:EN:Li_Chang	李昌	WIKI
babelnet_mapping	WIKI:EN:2002	2002年	WIKI
babelnet_mapping	WIKI:EN:Xie_He_(Go_player)	谢赫	WIKI
babelnet_mapping	WIKI:EN:2008	2008年	WIKI
babelnet_mapping	WIKI:EN:2004	2004年	WIKI
babelnet_mapping	GEONM:EN:Bolivia,_Cuba	玻利维亚	WIKI
babelnet_mapping	WIKI:EN:September_16	9月16日	WIKI
babelnet_mapping	WIKI:EN:President_of_Iran	伊朗总统	WIKI
babelnet_mapping	WIKI:EN:Grand_Alliance_(Bangladesh)	大联盟	WIKI
babelnet_mapping	WIKI:EN:Law_of_the_United_States	美国法律	WIKI
babelnet_mapping	WIKI:EN:Vietnam_Railways	越南铁路	WIKI
babelnet_mapping	WIKI:EN:Khalid_Sheikh_Mohammed	哈立德·谢赫·穆罕默德	WIKI
babelnet_mapping	GEONM:EN:Frankfort,_South_Dakota	法兰克福	WIKI
babelnet_mapping	WIKI:EN:Kimball,_South_Dakota	金博尔	WIKI
babelnet_mapping	WIKI:EN:Yoo_Chang-hyuk	刘昌赫	WIKI
babelnet_mapping	WIKI:EN:Chang_Hao_(Go_player)	常昊	WIKI
babelnet_mapping	WIKI:EN:Raymond,_South_Dakota	雷蒙德	WIKI
babelnet_mapping	WIKI:EN:Three_Evils	三股势力	WIKI
babelnet_mapping	WIKI:EN:Kék	凯克	WIKI
babelnet_mapping	GEONM:EN:Chesterfield,_South_Carolina	切斯特菲尔德	WIKI
babelnet_mapping	WIKI:EN:Ma_Xiaochun	马晓春	WIKI
babelnet_mapping	WIKI:EN:Nie_Weiping	聂卫平	WIKI
babelnet_mapping	GEONM:EN:Cayce,_South_Carolina	凯西	WIKI
babelnet_mapping	WIKI:EN:September_14	9月14日	WIKI
babelnet_mapping	WIKI:EN:September_6	9月6日	WIKI
babelnet_mapping	WIKIDATA:EN:September_2004	2004年9月	WIKI
babelnet_mapping	WIKI:EN:Science_(journal)	科学	WIKI
babelnet_mapping	WIKI:EN:December_22	12月22日	WIKI
babelnet_mapping	WIKI:EN:September_3	9月3日	WIKI
babelnet_mapping	WIKI:EN:Islamic_Republic_of_Iran_Army_Ground_Forces	伊朗陆军	WIKI
babelnet_mapping	WIKI:EN:Liu_Huaqing	刘华清	WIKI
babelnet_mapping	WIKI:EN:September_1	9月1日	WIKI
babelnet_mapping	WIKI:EN:In_Love_We_Trust	左右	WIKI
babelnet_mapping	WIKI:EN:September_4	9月4日	WIKI
babelnet_mapping	WIKI:EN:Ten_Years_(2015_film)	十年	WIKI
babelnet_mapping	WIKI:EN:Seventeen_(American_magazine)	17	WIKI
babelnet_mapping	WIKIDATA:EN:Truong_Chinh	长征	WIKI
babelnet_mapping	WIKI:EN:A_Day_(film)	一天	WIKI
babelnet_mapping	WIKI:EN:The_Family_(Ba_Jin_novel)	家	WIKI
babelnet_mapping	WIKIDATA:EN:May_2004	2004年5月	WIKI
babelnet_mapping	WIKI:EN:June_17	6月17日	WIKI
babelnet_mapping	WIKI:EN:June_26	6月26日	WIKI
babelnet_mapping	Jaffa#n#1	雅法	WIKI
babelnet_mapping	WIKI:EN:Chille	希尔	WIKI
babelnet_mapping	WIKI:EN:April_23	4月23日	WIKI
babelnet_mapping	GEONM:EN:Pullay	皮莱	WIKI
babelnet_mapping	WIKI:EN:Congress_of_the_Republic_of_Peru	国会	WIKI
babelnet_mapping	WIKI:EN:President_of_Kyrgyzstan	吉尔吉斯斯坦总统	WIKI
babelnet_mapping	Mombasa#n#1	蒙巴萨	WIKI
babelnet_mapping	Monterrey#n#1	蒙特雷	WIKI
babelnet_mapping	Johannesburg#n#1	约翰内斯堡	WIKI
babelnet_mapping	GEONM:EN:Folies	福利	WIKI
babelnet_mapping	Gabon#n#1	加蓬	WIKI
babelnet_mapping	WIKI:EN:Cho_Hun-hyun	曹薰铉	WIKI
babelnet_mapping	WIKI:EN:Constitution_of_Brazil	巴西宪法	WIKI
babelnet_mapping	WIKI:EN:October_20	10月20日	WIKI
babelnet_mapping	WIKI:EN:Tskhinvali	茨欣瓦利	WIKI
babelnet_mapping	WIKIDATA:EN:South_Pacific	南太平洋	WIKI
babelnet_mapping	WIKIDATA:EN:May_2003	2003年5月	WIKI
babelnet_mapping	WIKI:EN:October_9	10月9日	WIKI
babelnet_mapping	WIKI:EN:President_of_South_Africa	南非总统	WIKI
babelnet_mapping	Gottfried_Wilhelm_Leibniz#n#1	戈特弗里德·莱布尼茨	WIKI
babelnet_mapping	GEONM:EN:León	莱昂	WIKI
babelnet_mapping	WIKI:EN:President_of_Brazil	巴西总统	WIKI
babelnet_mapping	WIKI:EN:Caux,_Hérault	科	WIKI
babelnet_mapping	WIKI:EN:October_19	10月19日	WIKI
babelnet_mapping	WIKI:EN:Pearl_River_Delta	珠江三角洲	WIKI
babelnet_mapping	WIKI:EN:President_of_the_Philippines	菲律宾总统	WIKI
babelnet_mapping	WIKI:EN:Today_(U.S._TV_program)	今天	WIKI
babelnet_mapping	WIKI:EN:Unit_731	731部队	WIKI
babelnet_mapping	WIKI:EN:November_13	11月13日	WIKI
babelnet_mapping	WIKI:EN:November_8	11月8日	WIKI
babelnet_mapping	WIKIDATA:EN:April_2004	2004年4月	WIKI
babelnet_mapping	WIKI:EN:November_23	11月23日	WIKI
babelnet_mapping	WIKI:EN:November_26	11月26日	WIKI
babelnet_mapping	WIKI:EN:Gennes,_Maine-et-Loire	热内	WIKI
babelnet_mapping	WIKIDATA:EN:September_2007	2007年9月	WIKI
babelnet_mapping	WIKIDATA:EN:November_2007	2007年11月	WIKI
babelnet_mapping	WIKIDATA:EN:December_2007	2007年12月	WIKI
babelnet_mapping	WIKI:EN:Khaba	哈巴	WIKI
babelnet_mapping	WIKI:EN:November_7	11月7日	WIKI
babelnet_mapping	WIKI:EN:Foundation_(Asimov_novel)	基地	WIKI
babelnet_mapping	WIKI:EN:Poon_Chung-kwong	潘宗光	WIKI
babelnet_mapping	WIKIDATA:EN:October_2004	2004年10月	WIKI
babelnet_mapping	Caucasia#n#1	高加索	WIKI
babelnet_mapping	WIKIDATA:EN:June_2007	2007年6月	WIKI
babelnet_mapping	WIKI:EN:August_12	8月12日	WIKI
babelnet_mapping	WIKIDATA:EN:April_2005	2005年4月	WIKI
babelnet_mapping	WIKIDATA:EN:May_2005	2005年5月	WIKI
babelnet_mapping	WIKIDATA:EN:June_2005	2005年6月	WIKI
babelnet_mapping	WIKIDATA:EN:April_2003	2003年4月	WIKI
babelnet_mapping	WIKIDATA:EN:August_2007	2007年8月	WIKI
babelnet_mapping	WIKI:EN:Chancellor_of_Germany	德国总理	WIKI
babelnet_mapping	WIKIDATA:EN:Daimler	戴姆勒	WIKI
babelnet_mapping	WIKI:EN:Eunice,_Louisiana	尤尼斯	WIKI
babelnet_mapping	WIKI:EN:Die_Tageszeitung	日报	WIKI
babelnet_mapping	WIKI:EN:Alió	阿利奥	WIKI
babelnet_mapping	WIKIDATA:EN:Citizenship_in_the_United_States	美国公民	WIKI
babelnet_mapping	WIKI:EN:Alberto_Fujimori	阿尔韦托·藤森	WIKI
babelnet_mapping	Persian_Gulf#n#1	波斯湾	WIKI
babelnet_mapping	WIKI:EN:Diaoyutai_State_Guesthouse	钓鱼台国宾馆	WIKI
babelnet_mapping	WIKI:EN:Three_Kingdoms	三国	WIKI
babelnet_mapping	WIKIDATA:EN:September_2010	2010年9月	WIKI
babelnet_mapping	WIKIDATA:EN:December_2009	2009年12月	WIKI
babelnet_mapping	WIKI:EN:Flag_of_Japan	日本国旗	WIKI
babelnet_mapping	WIKI:EN:Batzarre	大会	WIKI
babelnet_mapping	WIKI:EN:Liu_Xiaoguang	刘小光	WIKI
babelnet_mapping	Bishkek#n#1	比什凯克	WIKI
babelnet_mapping	WIKIDATA:EN:February_2004	2004年2月	WIKI
babelnet_mapping	WIKI:EN:Prime_Minister_of_Vietnam	越南总理	WIKI
babelnet_mapping	Black_Sea#n#1	黑海	WIKI
babelnet_mapping	WIKI:EN:42_(Doctor_Who)	42	WIKI
babelnet_mapping	WIKI:EN:Cao_Dayuan	曹大元	WIKI
babelnet_mapping	WIKI:EN:Li_Peng	李鹏	WIKI
babelnet_mapping	WIKI:EN:Lewes,_Delaware	刘易斯	WIKI
babelnet_mapping	WIKI:EN:Landl	兰德尔	WIKI
babelnet_mapping	WIKI:EN:President_of_France	法国总统	WIKI
babelnet_mapping	Brasilia#n#1	巴西利亚	WIKI
babelnet_mapping	WIKI:EN:Miranda_(programming_language)	Miranda	WIKI
babelnet_mapping	Brisbane#n#1	布里斯班	WIKI
babelnet_mapping	WIKI:EN:Anzoátegui	安索阿特吉州	WIKI
babelnet_mapping	WIKIDATA:EN:July_2003	2003年7月	WIKI
babelnet_mapping	WIKI:EN:Shanghai_Cooperation_Organisation	上海合作组织	WIKI
babelnet_mapping	GEONM:EN:Diesse	迪斯	WIKI
babelnet_mapping	WIKI:EN:Boxer_Protocol	辛丑条约	WIKI
babelnet_mapping	Dominica#n#1	多米尼克	WIKI
babelnet_mapping	WIKI:EN:19_(Adele_album)	19	WIKI
babelnet_mapping	WIKI:EN:One_Week_(1920_film)	一周	WIKI
babelnet_mapping	WIKI:EN:2010	2010年	WIKI
babelnet_mapping	WIKI:EN:President_of_Russia	俄罗斯总统	WIKI
babelnet_mapping	WIKI:EN:Seo_Bong-soo	徐奉洙	WIKI
babelnet_mapping	WIKI:EN:Safety_(EP)	安全	WIKI
babelnet_mapping	WIKI:EN:Religious_denomination	教派	WIKI
babelnet_mapping	WIKI:EN:September_9	9月9日	WIKI
babelnet_mapping	WIKI:EN:Brothers_&_Sisters_(song)	兄弟姐妹	WIKI
babelnet_mapping	WIKI:EN:September_19	9月19日	WIKI
babelnet_mapping	WIKIDATA:EN:March_2007	2007年3月	WIKI
babelnet_mapping	Fatah#n#1	法塔赫	OMWN_ZH
babelnet_mapping	WIKIDATA:EN:Burns	伯恩斯	WIKI
babelnet_mapping	WIKI:EN:Chimerica	中美国	WIKI
babelnet_mapping	WIKIDATA:EN:February_2007	2007年2月	WIKI
babelnet_mapping	WIKIDATA:EN:June_2003	2003年6月	WIKI
babelnet_mapping	WIKI:EN:Sierre	谢尔	WIKI
babelnet_mapping	WIKIDATA:EN:November_2003	2003年11月	WIKI
babelnet_mapping	WIKI:EN:Lamon	拉蒙	WIKI
babelnet_mapping	WIKI:EN:Masera	马塞拉	WIKI
babelnet_mapping	WIKI:EN:Plantation,_Florida	种植园	WIKI
babelnet_mapping	WIKI:EN:Richard,_son_of_William_the_Conqueror	理查德	WIKI
babelnet_mapping	WIKI:EN:Gönc	根茨	WIKI
babelnet_mapping	WIKI:EN:Izvestia	消息报	WIKI
babelnet_mapping	WIKIDATA:EN:January_2003	2003年1月	WIKI
babelnet_mapping	WIKI:EN:Tibetan_sovereignty_debate	西藏问题	WIKI
babelnet_mapping	WIKI:EN:100_(Dear_Jane_album)	100	WIKI
babelnet_mapping	WIKI:EN:August_31	8月31日	WIKI
babelnet_mapping	WIKI:EN:July_24	7月24日	WIKI
babelnet_mapping	GEONM:EN:Denges	当日	WIKI
babelnet_mapping	Uruguay#n#1	乌拉圭	WIKI
babelnet_mapping	GEONM:EN:Campos	坎波斯	WIKI
babelnet_mapping	WIKI:EN:June_18	6月18日	WIKI
babelnet_mapping	WIKI:EN:Haro,_La_Rioja	阿罗	WIKI
babelnet_mapping	WIKI:EN:Tang_Jiaxuan	唐家璇	WIKI
babelnet_mapping	GEONM:EN:Penne,_Tarn	佩纳	WIKI
babelnet_mapping	WIKIDATA:EN:June_2004	2004年6月	WIKI
babelnet_mapping	WIKI:EN:June_16	6月16日	WIKI
babelnet_mapping	GEONM:EN:Espinosa,_Minas_Gerais	埃斯皮诺萨	WIKI
babelnet_mapping	WIKI:EN:July_18	7月18日	WIKI
babelnet_mapping	WIKI:EN:Bunka	文化	WIKI
babelnet_mapping	WIKI:EN:Centre,_Alabama	中心	WIKI
babelnet_mapping	WIKI:EN:August_28	8月28日	WIKI
babelnet_mapping	WIKI:EN:Dissolution_of_the_Soviet_Union	苏联解体	WIKI
babelnet_mapping	GEONM:EN:Simpson,_Louisiana	辛普森	WIKI
babelnet_mapping	WIKI:EN:August_29	8月29日	WIKI
babelnet_mapping	WIKI:EN:3_(telecommunications)	3	WIKI
babelnet_mapping	WIKI:EN:The_Road	路	WIKI
babelnet_mapping	WIKI:EN:Blood_War	血战	WIKI
babelnet_mapping	WIKI:EN:North_Region,_Brazil	巴西北部	WIKI
babelnet_mapping	WIKI:EN:Tavisupleba	自由	WIKI
babelnet_mapping	WIKI:EN:Lima,_Montana	利马	WIKI
babelnet_mapping	WIKI:EN:The_4400	4400	WIKI
babelnet_mapping	WIKI:EN:John_Pomfret_(journalist)	潘文	WIKI
babelnet_mapping	WIKI:EN:December_28	12月28日	WIKI
babelnet_mapping	WIKIDATA:EN:August_2008	2008年8月	WIKI
babelnet_mapping	WIKI:EN:Partition_(1987_film)	分裂	WIKI
babelnet_mapping	WIKI:EN:Sunday_Night_(South_Korean_TV_series)	日晚	WIKI
babelnet_mapping	WIKIDATA:EN:February_2008	2008年2月	WIKI
babelnet_mapping	WIKIDATA:EN:April_2008	2008年4月	WIKI
babelnet_mapping	WIKIDATA:EN:May_2008	2008年5月	WIKI
babelnet_mapping	WIKIDATA:EN:July_2008	2008年7月	WIKI
babelnet_mapping	WIKIDATA:EN:September_2008	2008年9月	WIKI
babelnet_mapping	WIKIDATA:EN:October_2008	2008年10月	WIKI
babelnet_mapping	WIKIDATA:EN:November_2008	2008年11月	WIKI
